[
  {
    "title": "Latest Academic Trends",
    "description": "Academic resources are crucial for student development and staying updated with the latest trends can significantly enhance learning experiences.",
    "comments": [
      {
        "text": "Very insightful, thanks!",
        "createdBy": "Alice",
        "createdAt": "2024-03-10T10:00:00.000Z"
      },
      {
        "text": "Helpful for my upcoming exam preparation.",
        "createdBy": "Bob",
        "createdAt": "2024-03-11T11:00:00.000Z"
      }
    ],
    "createdByName": "John Doe",
    "createdBy": "johndoe@example.com",
    "topic": "Academic Resources"
  },
  {
    "title": "Navigating Career Services",
    "description": "Career services provide essential guidance for students and professionals alike, assisting in job searches, resume building, and interview preparation.",
    "comments": [
      {
        "text": "This is very useful, thanks!",
        "createdBy": "Charlie",
        "createdAt": "2024-03-12T12:00:00.000Z"
      },
      {
        "text": "Wish I knew this earlier.",
        "createdBy": "Diana",
        "createdAt": "2024-03-13T13:00:00.000Z"
      }
    ],
    "createdByName": "Emily Foster",
    "createdBy": "emilyfoster@example.com",
    "topic": "Career Services"
  },
  {
    "title": "Enhancing Campus Culture",
    "description": "Campus culture significantly influences student engagement and learning. Activities, traditions, and shared values create a sense of community.",
    "comments": [
      {
        "text": "Absolutely agree, campus culture is vital.",
        "createdBy": "Frank",
        "createdAt": "2024-03-14T14:00:00.000Z"
      },
      {
        "text": "Our campus could use more of this.",
        "createdBy": "Grace",
        "createdAt": "2024-03-15T15:00:00.000Z"
      }
    ],
    "createdByName": "Henry Irving",
    "createdBy": "henryirving@example.com",
    "topic": "Campus Culture"
  },
  {
    "title": "Local Community Engagement",
    "description": "Engaging with local community resources can enrich the educational experience, providing practical insights and opportunities for service.",
    "comments": [
      {
        "text": "Community engagement has been rewarding for me.",
        "createdBy": "Isla",
        "createdAt": "2024-03-16T16:00:00.000Z"
      },
      {
        "text": "Looking for more ways to get involved!",
        "createdBy": "Jack",
        "createdAt": "2024-03-17T17:00:00.000Z"
      }
    ],
    "createdByName": "Karen Lee",
    "createdBy": "karenlee@example.com",
    "topic": "Local Community Resources"
  },
  {
    "title": "The Impact of Social and Sports",
    "description": "Social activities and sports play a critical role in personal development, offering opportunities for teamwork, leadership, and physical health.",
    "comments": [
      {
        "text": "Sports have been a huge part of my life.",
        "createdBy": "Liam",
        "createdAt": "2024-03-18T18:00:00.000Z"
      },
      {
        "text": "Looking to join more social groups at school.",
        "createdBy": "Mia",
        "createdAt": "2024-03-19T19:00:00.000Z"
      }
    ],
    "createdByName": "Noah Peeters",
    "createdBy": "noahpeeters@example.com",
    "topic": "Social, Sports"
  },
  {
    "title": "Prioritizing Health and Wellness",
    "description": "Health and wellness are foundational to successful learning and living, encompassing physical, mental, and emotional well-being.",
    "comments": [
      {
        "text": "Important reminder to take care of ourselves.",
        "createdBy": "Olivia",
        "createdAt": "2024-03-20T20:00:00.000Z"
      },
      {
        "text": "Trying to integrate more wellness activities.",
        "createdBy": "Parker",
        "createdAt": "2024-03-21T21:00:00.000Z"
      }
    ],
    "createdByName": "Quinn Roberts",
    "createdBy": "quinnroberts@example.com",
    "topic": "Health and Wellness"
  },
  {
    "title": "Exploring Through Travel",
    "description": "Travel offers unique educational experiences, exposing individuals to new cultures, languages, and perspectives, enhancing their global awareness.",
    "comments": [
      {
        "text": "Travel has been eye-opening for me.",
        "createdBy": "Rachel",
        "createdAt": "2024-03-22T22:00:00.000Z"
      },
      {
        "text": "Can't wait for my next trip!",
        "createdBy": "Sam",
        "createdAt": "2024-03-23T23:00:00.000Z"
      }
    ],
    "createdByName": "Tyler Evans",
    "createdBy": "tylerevans@example.com",
    "topic": "Travel"
  },
  {
    "title": "Alumni Contributions",
    "description": "Alumni play a crucial role in the growth and development of institutions, offering support, mentorship, and resources to current students.",
    "comments": [
      {
        "text": "Proud to be an alumni giving back.",
        "createdBy": "Uma",
        "createdAt": "2024-03-23T23:00:00.000Z"
      },
      {
        "text": "Grateful for the alumni network's support.",
        "createdBy": "Victor",
        "createdAt": "2024-03-23T23:00:00.000Z"
      }
    ],
    "createdByName": "Wendy Mora",
    "createdBy": "wendymora@example.com",
    "topic": "Alumni"
  }
]
